{"cameraMode":{"drawMode":0,"name":"Shaded","section":"Shading Mode"},"sceneLighting":true,"audioPlay":false,"sceneViewState":{"m_AlwaysRefresh":false,"showFog":true,"showSkybox":true,"showFlares":true,"showImageEffects":true,"showParticleSystems":true,"showVisualEffectGraphs":true,"m_FxEnabled":true},"in2DMode":false,"pivot":{"x":-188.61984252929688,"y":-190.14691162109376,"z":742.2073974609375},"rotation":{"x":-0.26777470111846926,"y":0.38777241110801699,"z":-0.11880993098020554,"w":-0.8739639520645142},"size":289.3991394042969,"orthographic":false}