{"cameraMode":{"drawMode":0,"name":"Shaded","section":"Shading Mode"},"sceneLighting":true,"audioPlay":false,"sceneViewState":{"m_AlwaysRefresh":false,"showFog":true,"showSkybox":true,"showFlares":true,"showImageEffects":true,"showParticleSystems":true,"showVisualEffectGraphs":true,"m_FxEnabled":true},"in2DMode":false,"pivot":{"x":18.61492919921875,"y":-258.5831604003906,"z":607.925537109375},"rotation":{"x":-0.19992269575595857,"y":-0.017050307244062425,"z":0.003479601116850972,"w":-0.9796585440635681},"size":354.74310302734377,"orthographic":false}