{"cameraMode":{"drawMode":0,"name":"Shaded","section":"Shading Mode"},"sceneLighting":true,"audioPlay":false,"sceneViewState":{"m_AlwaysRefresh":false,"showFog":true,"showSkybox":true,"showFlares":true,"showImageEffects":true,"showParticleSystems":true,"showVisualEffectGraphs":true,"m_FxEnabled":true},"in2DMode":false,"pivot":{"x":3.4350638389587404,"y":-9.378280639648438,"z":-16.393156051635743},"rotation":{"x":0.01023066509515047,"y":0.9510994553565979,"z":-0.3070867955684662,"w":0.03168337792158127},"size":17.277143478393556,"orthographic":false}